Method,Cov_mean,Cov_sd,XD_mean,XD_sd,Loops_mean,Loops_sd,LP_mean,LP_sd,Comp_mean,Comp_sd
Taxonomy-only,32.73472188171952,5.974551587634596,0.0,0.0,0.08802256770130919,0.11934499758569715,0.0,0.0,0.08403736889683155,0.015178875323833415
Narrative,50.932129534834544,6.640161035038896,0.10070034742212788,0.04519526612049932,1.1606643753825003,0.7788946289701832,0.8082777927026129,0.48628123527784134,0.2319557879546695,0.04331943823871899
Factor checklist,59.53766771450067,6.219814726491869,0.05082219497253447,0.029141693504150336,0.09953756845363193,0.1442517897895675,1.48958932008732,0.879594613228688,0.22329337223658846,0.03780699018625635
CLD-only,75.93800354669695,6.133500580033922,0.2166216176628269,0.07087609284061702,4.974611155066695,1.0018974382064658,3.209983412920465,1.2947990746529643,0.5228330782285877,0.05835849899038234
Full systems,88.3036882514598,2.926924811221071,0.359925051679752,0.06694817928823728,8.029278692875577,1.2026471774380743,5.099544034826798,1.563914626079384,0.7603731327134876,0.07221310088189159
