Domain,Node_Kappa,Edge_Kappa,Sign_Kappa
Cyber,0.7288888888888888,0.912599185128597,0.6357553222325402
Cbrn,0.6175,0.8961101676101676,0.5341410238256382
Deception,0.4131112365894974,0.8888817094498209,0.36262459808628866
Autonomy,0.5857142857142857,0.8799205239205239,0.5282743988038106
Governance,0.6526315789473683,0.9057680293562648,0.5849193847366461
Aggregate,0.599569198028008,0.8966559230930748,0.5291429455369847
