Domain,Nodes,Edges,Density,Diameter,R_loops,B_loops,Avg_Path
Cyber,18,34,0.1111111111111111,7,19,3,3.0961538461538463
Cbrn,16,28,0.11666666666666667,7,8,14,3.3141025641025643
Deception,21,42,0.1,8,17,0,3.323809523809524
Autonomy,14,22,0.12087912087912088,5,1,4,2.4523809523809526
Governance,19,38,0.1111111111111111,6,44,21,2.7637362637362637
Supergraph,95,214,0.023964165733482642,13,89,42,5.316101694915254
