amplifier,peak_cyber_delta_pct,peak_cbrn_delta_pct,trust_erosion_delta_pct,overload_delta_pct
lambda_disinfo,0.0,-0.5465647383947131,0.09416537768840264,6.284240288887345
lambda_bias,0.0,0.09415864665742327,0.0006520610114310131,3.431589739729722
lambda_econ,0.0,-0.20535450486496526,0.2986653366777539,10.139573941502192
